{"latitudes": [51.004922], "longitudes": [-0.929208], "year": 2023}