{"latitudes": [51.57707], "longitudes": [-0.351562], "year": 2023}