{"latitudes": [51.004927], "longitudes": [-0.929217], "year": 2023}