{"latitudes": [51.849353, 51.631657, 51.75424], "longitudes": [-1.516113, -1.428223, -1.120605], "year": 2023}